{"cameraMode":{"drawMode":0,"name":"Shaded","section":"Shading Mode"},"sceneLighting":false,"audioPlay":false,"sceneViewState":{"showFog":true,"showMaterialUpdate":false,"showSkybox":true,"showFlares":true,"showImageEffects":true,"showParticleSystems":true},"in2DMode":false,"pivot":{"x":0.25237709283828738,"y":0.6420904397964478,"z":0.018509745597839357},"rotation":{"x":0.0028653484769165518,"y":0.9968096613883972,"z":-0.06769704818725586,"w":0.04219114035367966},"size":1.4160382747650147,"orthographic":false}