{"cameraMode":{"drawMode":0,"name":"Shaded","section":"Shading Mode"},"sceneLighting":true,"audioPlay":false,"sceneViewState":{"showFog":true,"showMaterialUpdate":false,"showSkybox":true,"showFlares":true,"showImageEffects":true,"showParticleSystems":true},"in2DMode":false,"pivot":{"x":-1.273514986038208,"y":0.9677066802978516,"z":2.693035125732422},"rotation":{"x":0.037281498312950137,"y":0.9619585275650024,"z":-0.17088596522808076,"w":0.20986740291118623},"size":1.245234489440918,"orthographic":false}